{
  "event": "ANNOTATION_CREATED",
  "job_id": "1784625102",
  "data": {
    "annotation": {
      "id": 306,
      "result": [
        {
          "original_width": 3024,
          "original_height": 4032,
          "image_rotation": 0,
          "value": {
            "x": 42.22963658213539,
            "y": 8.63890385647641,
            "width": 3.201644435615806,
            "height": 2.0931624861865115,
            "rotation": 349.15695984316767,
            "rectanglelabels": [
              "postlarvae"
            ]
          },
          "id": "aTcauMhUnS",
          "from_name": "label",
          "to_name": "image",
          "type": "rectanglelabels",
          "origin": "prediction-changed",
          "score": 0.8180166482925415
        },
        {
          "original_width": 3024,
          "original_height": 4032,
          "image_rotation": 0,
          "value": {
            "x": 18.84610549735305,
            "y": 77.18284454127846,
            "width": 2.649498849008224,
            "height": 2.3035599432710017,
            "rotation": 324.11488226368306,
            "rectanglelabels": [
              "postlarvae"
            ]
          },
          "id": "vcXRFervdK",
          "from_name": "label",
          "to_name": "image",
          "type": "rectanglelabels",
          "origin": "prediction-changed",
          "score": 0.7527892589569092
        },
        {
          "original_width": 3024,
          "original_height": 4032,
          "image_rotation": 0,
          "value": {
            "x": 49.99812962679564,
            "y": 77.53513154593949,
            "width": 2.3205532373645346,
            "height": 2.5206269080818013,
            "rotation": 345.775106757995,
            "rectanglelabels": [
              "postlarvae"
            ]
          },
          "id": "ZPUQfytaRp",
          "from_name": "label",
          "to_name": "image",
          "type": "rectanglelabels",
          "origin": "prediction-changed",
          "score": 0.7210460305213928
        },
        {
          "original_width": 3024,
          "original_height": 4032,
          "image_rotation": 0,
          "value": {
            "x": 87.29834367144103,
            "y": 40.82857262126376,
            "width": 1.8336935574666746,
            "height": 2.1668794960565885,
            "rotation": 0.2287816952352273,
            "rectanglelabels": [
              "postlarvae"
            ]
          },
          "id": "FMr0gj5J8f",
          "from_name": "label",
          "to_name": "image",
          "type": "rectanglelabels",
          "origin": "prediction-changed",
          "score": 0.7121968269348145
        },
        {
          "original_width": 3024,
          "original_height": 4032,
          "image_rotation": 0,
          "value": {
            "x": 50.243159534882096,
            "y": 42.85419965737557,
            "width": 3.286367894758377,
            "height": 1.6728627793469348,
            "rotation": 359.4511476094458,
            "rectanglelabels": [
              "postlarvae"
            ]
          },
          "id": "DfHzcN1E16",
          "from_name": "label",
          "to_name": "image",
          "type": "rectanglelabels",
          "origin": "prediction-changed",
          "score": 0.638322651386261
        },
        {
          "original_width": 3024,
          "original_height": 4032,
          "image_rotation": 0,
          "value": {
            "x": 71.46078604732847,
            "y": 41.08886209511846,
            "width": 4.070773720927974,
            "height": 1.61859179412668,
            "rotation": 16.939803313317952,
            "rectanglelabels": [
              "postlarvae"
            ]
          },
          "id": "-qlIzBbxkw",
          "from_name": "label",
          "to_name": "image",
          "type": "rectanglelabels",
          "origin": "prediction-changed",
          "score": 0.6361475586891174
        },
        {
          "original_width": 3024,
          "original_height": 4032,
          "image_rotation": 0,
          "value": {
            "x": 36.68078220821447,
            "y": 34.06631407506553,
            "width": 2.2355708364774602,
            "height": 2.4224154532901996,
            "rotation": 313.48752277275344,
            "rectanglelabels": [
              "postlarvae"
            ]
          },
          "id": "eNNMco_LNp",
          "from_name": "label",
          "to_name": "image",
          "type": "rectanglelabels",
          "origin": "prediction-changed",
          "score": 0.5477957725524902
        },
        {
          "original_width": 3024,
          "original_height": 4032,
          "image_rotation": 0,
          "value": {
            "x": 36.76131970145966,
            "y": 45.02664923246526,
            "width": 3.459877788971963,
            "height": 1.6380605243501236,
            "rotation": 26.681526639953518,
            "rectanglelabels": [
              "postlarvae"
            ]
          },
          "id": "Lw5QoArSS-",
          "from_name": "label",
          "to_name": "image",
          "type": "rectanglelabels",
          "origin": "prediction-changed",
          "score": 0.4822019636631012
        },
        {
          "original_width": 3024,
          "original_height": 4032,
          "image_rotation": 0,
          "value": {
            "x": 22.575344032436444,
            "y": 34.58639573411206,
            "width": 2.5840818816362594,
            "height": 2.7567918531996796,
            "rotation": 18.12473684976061,
            "rectanglelabels": [
              "postlarvae"
            ]
          },
          "id": "P1p9HQePgT",
          "from_name": "label",
          "to_name": "image",
          "type": "rectanglelabels",
          "origin": "prediction-changed",
          "score": 0.47699669003486633
        },
        {
          "original_width": 3024,
          "original_height": 4032,
          "image_rotation": 0,
          "value": {
            "x": 81.48398045001302,
            "y": 22.972256986248567,
            "width": 5.220017732709686,
            "height": 2.753917809102933,
            "rotation": 32.01398517384462,
            "rectanglelabels": [
              "postlarvae"
            ]
          },
          "id": "U0BnMYi4Cb",
          "from_name": "label",
          "to_name": "image",
          "type": "rectanglelabels",
          "origin": "prediction-changed",
          "score": 0.27071136236190796
        }
      ],
      "was_cancelled": false,
      "ground_truth": false,
      "created_at": "2026-07-21T09:11:40.022020Z",
      "updated_at": "2026-07-21T09:11:40.022080Z",
      "draft_created_at": "2026-07-21T09:09:24.152152Z",
      "lead_time": 153.219,
      "prediction": {},
      "result_count": 10,
      "unique_id": "a0b3577a-40f2-4f58-9f79-4bc913bc5333",
      "import_id": null,
      "last_action": null,
      "bulk_created": false,
      "task": 647,
      "project": 17,
      "completed_by": 1,
      "updated_by": 1,
      "parent_prediction": 1475,
      "parent_annotation": null,
      "last_created_by": null
    },
    "project": {
      "id": 17,
      "task_number": 57,
      "finished_task_number": 18,
      "total_predictions_number": 9,
      "total_annotations_number": 18,
      "num_tasks_with_annotations": 18,
      "useful_annotation_number": 18,
      "ground_truth_number": 0,
      "skipped_annotations_number": 0,
      "title": "ulang_pl_set01",
      "description": "",
      "label_config": "<View>\n  <Image name=\"image\" value=\"$image\"/>\n  <RectangleLabels name=\"label\" toName=\"image\" model_score_threshold=\"0.25\">\n    <Label value=\"postlarvae\" background=\"blue\" predicted_values=\"postlarvae\"/>\n  </RectangleLabels>\n</View>",
      "parsed_label_config": {
        "label": {
          "type": "RectangleLabels",
          "to_name": [
            "image"
          ],
          "inputs": [
            {
              "type": "Image",