{
  "event": "ANNOTATION_CREATED",
  "job_id": "1784624753",
  "data": {
    "annotation": {
      "id": 304,
      "result": [
        {
          "original_width": 3024,
          "original_height": 4032,
          "image_rotation": 0,
          "value": {
            "x": 5.326776597292785,
            "y": 24.602153203907786,
            "width": 2.846274589612886,
            "height": 2.7159928135907636,
            "rotation": 33.903712755459765,
            "rectanglelabels": [
              "postlarvae"
            ]
          },
          "id": "gUV0pmgoTw",
          "from_name": "label",
          "to_name": "image",
          "type": "rectanglelabels",
          "origin": "prediction-changed",
          "score": 0.8079242706298828
        },
        {
          "original_width": 3024,
          "original_height": 4032,
          "image_rotation": 0,
          "value": {
            "x": 49.80017891689473,
            "y": 87.60952977192818,
            "width": 2.6215754470831136,
            "height": 1.2147900475133073,
            "rotation": 14.924260592873168,
            "rectanglelabels": [
              "postlarvae"
            ]
          },
          "id": "t0ECPi2RKX",
          "from_name": "label",
          "to_name": "image",
          "type": "rectanglelabels",
          "origin": "prediction-changed",
          "score": 0.7652732133865356
        },
        {
          "original_width": 3024,
          "original_height": 4032,
          "image_rotation": 0,
          "value": {
            "x": 66.77112048653102,
            "y": 90.51762843638086,
            "width": 3.2352708058211026,
            "height": 1.385764590371057,
            "rotation": 358.7730287662024,
            "rectanglelabels": [
              "postlarvae"
            ]
          },
          "id": "10G_rNc9Pw",
          "from_name": "label",
          "to_name": "image",
          "type": "rectanglelabels",
          "origin": "prediction-changed",
          "score": 0.7613919377326965
        },
        {
          "original_width": 3024,
          "original_height": 4032,
          "image_rotation": 0,
          "value": {
            "x": 17.649048199927787,
            "y": 50.128704449915006,
            "width": 2.236178654509761,
            "height": 2.6910165367136027,
            "rotation": 340.4818862127176,
            "rectanglelabels": [
              "postlarvae"
            ]
          },
          "id": "Pq3rZG8fq9",
          "from_name": "label",
          "to_name": "image",
          "type": "rectanglelabels",
          "origin": "prediction-changed",
          "score": 0.7583947777748108
        },
        {
          "original_width": 3024,
          "original_height": 4032,
          "image_rotation": 0,
          "value": {
            "x": 29.57491130425185,
            "y": 90.33075405491716,
            "width": 1.9149792888177117,
            "height": 1.7758925424949759,
            "rotation": 1.27599662411302,
            "rectanglelabels": [
              "postlarvae"
            ]
          },
          "id": "E5gCOF06gh",
          "from_name": "label",
          "to_name": "image",
          "type": "rectanglelabels",
          "origin": "prediction-changed",
          "score": 0.7423388957977295
        },
        {
          "original_width": 3024,
          "original_height": 4032,
          "image_rotation": 0,
          "value": {
            "x": 19.279085269705934,
            "y": 14.468043367982347,
            "width": 3.5445081692342395,
            "height": 3.7465249593992214,
            "rotation": 32.74753894708766,
            "rectanglelabels": [
              "postlarvae"
            ]
          },
          "id": "Dfo8tDmv5C",
          "from_name": "label",
          "to_name": "image",
          "type": "rectanglelabels",
          "origin": "prediction-changed",
          "score": 0.725521445274353
        },
        {
          "original_width": 3024,
          "original_height": 4032,
          "image_rotation": 0,
          "value": {
            "x": 80.51365542148145,
            "y": 66.05304303998626,
            "width": 1.6770919658291872,
            "height": 1.7828694317138738,
            "rotation": 24.482234812438207,
            "rectanglelabels": [
              "postlarvae"
            ]
          },
          "id": "28vjDFrA3t",
          "from_name": "label",
          "to_name": "image",
          "type": "rectanglelabels",
          "origin": "prediction-changed",
          "score": 0.6925985217094421
        },
        {
          "original_width": 3024,
          "original_height": 4032,
          "image_rotation": 0,
          "value": {
            "x": 50.29082723777848,
            "y": 80.50246287577207,
            "width": 3.7982852498159496,
            "height": 1.7155479125307516,
            "rotation": 13.914584426764009,
            "rectanglelabels": [
              "postlarvae"
            ]
          },
          "id": "0hjkxv4Z22",
          "from_name": "label",
          "to_name": "image",
          "type": "rectanglelabels",
          "origin": "prediction-changed",
          "score": 0.6893450617790222
        },
        {
          "original_width": 3024,
          "original_height": 4032,
          "image_rotation": 0,
          "value": {
            "x": 31.775811217397493,
            "y": 32.20264798316879,
            "width": 3.0989073938967695,
            "height": 1.57424945285275,
            "rotation": 0.25440216170693475,
            "rectanglelabels": [
              "postlarvae"
            ]
          },
          "id": "dHqPkgkKyD",
          "from_name": "label",
          "to_name": "image",
          "type": "rectanglelabels",
          "origin": "prediction-changed",
          "score": 0.6808083057403564
        },
        {
          "original_width": 3024,
          "original_height": 4032,
          "image_rotation": 0,
          "value": {
            "x": 86.54596387282024,
            "y": 32.921047528879015,
            "width": 1.718916291748827,
            "height": 1.4073923955715666,
            "rotation": 39.98191023049884,
            "rectanglelabels": [
              "postlarvae"
            ]
          },
          "id": "nt-vgAtqp6",
          "from_name": "label",
          "to_name": "image",
          "type": "rectanglelabels",
          "origin": "prediction-changed",
          "score": 0.611770510673523
        },
        {
          "original_width": 3024,
          "original_height": 4032,
          "image_rotation": 0,
          "value": {
            "x": 65.80151766646568,
            "y": 51.08398783716234,
            "width": 1.5720881006621126,
            "height": 1.6179533137481545,
            "rotation": 6.325467623953102,
            "rectanglelabels": [
              "postlarvae"
            ]
          },
          "id": "hEAnfhscX4",
          "from_name": "label",
          "to_name": "image",
          "type": "rectanglelabels",
          "origin": "prediction-changed",
          "score": 0.566673755645752
        },
        {
          "original_width": 3024,
          "original_height": 4032,
          "image_rotation": 0,
          "value": {
            "x": 49.50205355286169,
            "y": 49.73673749777595,
            "width": 2.5710164231179196,
            "height": 1.6712408034297794,
            "rotation": 358.5436302461811,
            "rectanglelabels": [
              "postlarvae"
            ]
          },
          "id": "JHfi_nFPE-",
          "from_name": "label",
          "to_name": "image",
          "type": "rectanglelabels",
          "origin": "prediction-changed",
          "score": 0.474181592464447
        },
        {
          "original_width": 3024,
          "original_height": 4032,
          "image_rotation": 0,
          "value": {
            "x": 53.02241553952965,
            "y": 73.36465641448486,